table_name	approx_rows	data_bytes	index_bytes	engine	collation	table_comment
noc_autologin	1	60	2048	MyISAM	latin1_swedish_ci	
wp_abj404_engine_profiles	0	16384	16384	InnoDB	utf8mb4_unicode_520_ci	
wp_abj404_logsv2	2371	2637824	1228800	InnoDB	utf8mb4_unicode_520_ci	404 Solution Plugin Logs Table.
wp_abj404_logs_hits	0	16384	16384	InnoDB	utf8mb4_unicode_520_ci	
wp_abj404_lookup	3	16384	16384	InnoDB	utf8mb4_unicode_520_ci	404 Solution Plugin Lookup Table
wp_abj404_redirects	995	262144	671744	InnoDB	utf8mb4_unicode_520_ci	404 Solution Plugin Redirects Table
wp_abj404_redirect_conditions	0	16384	32768	InnoDB	utf8mb4_unicode_520_ci	404 Solution Redirect Conditions Table
wp_abj404_view_done	995	152128	278528	MyISAM	latin1_swedish_ci	404 Solution staged view build buffer
wp_actionscheduler_actions	2641	1061184	277504	MyISAM	utf8mb4_unicode_520_ci	
wp_actionscheduler_claims	0	0	1024	MyISAM	utf8mb4_unicode_520_ci	
wp_actionscheduler_groups	5	144	9216	MyISAM	utf8mb4_unicode_520_ci	
wp_actionscheduler_logs	7909	445064	350208	MyISAM	utf8mb4_unicode_520_ci	
wp_commentmeta	0	0	4096	MyISAM	utf8mb4_unicode_520_ci	
wp_comments	0	0	1024	MyISAM	utf8mb4_unicode_520_ci	
wp_cr_event_signups	0	0	4096	MyISAM	utf8mb4_unicode_520_ci	
wp_cr_forum_posts	2	716	6144	MyISAM	utf8mb4_unicode_520_ci	
wp_cr_live_comments	5	292	5120	MyISAM	utf8mb4_unicode_520_ci	
wp_cr_live_likes	3	120	4096	MyISAM	utf8mb4_unicode_520_ci	
wp_cr_live_presence	2	88	4096	MyISAM	utf8mb4_unicode_520_ci	
wp_cr_live_sessions	4	2068	5120	MyISAM	utf8mb4_unicode_520_ci	
wp_cr_live_views	41	1964	4096	MyISAM	utf8mb4_unicode_520_ci	
wp_cr_pdf_downloads	1	408	11264	MyISAM	utf8mb4_unicode_520_ci	
wp_cr_prayer_requests	1	372	13312	MyISAM	utf8mb4_unicode_520_ci	
wp_e_events	0	0	1024	MyISAM	utf8mb4_unicode_520_ci	
wp_e_notes	0	0	4096	MyISAM	utf8mb4_unicode_520_ci	
wp_e_notes_users_relations	0	0	2048	MyISAM	utf8mb4_unicode_520_ci	
wp_e_submissions	0	0	4096	MyISAM	utf8mb4_unicode_520_ci	
wp_e_submissions_actions_log	0	0	2048	MyISAM	utf8mb4_unicode_520_ci	
wp_e_submissions_values	0	0	2048	MyISAM	utf8mb4_unicode_520_ci	
wp_fc_campaigns	3	23136	5120	MyISAM	utf8mb4_unicode_520_ci	
wp_fc_campaign_emails	66	18576	14336	MyISAM	utf8mb4_unicode_520_ci	
wp_fc_campaign_url_metrics	10	740	6144	MyISAM	utf8mb4_unicode_520_ci	
wp_fc_funnels	1	268	10240	MyISAM	utf8mb4_unicode_520_ci	
wp_fc_funnel_metrics	33	1980	9216	MyISAM	utf8mb4_unicode_520_ci	
wp_fc_funnel_sequences	1	276	17408	MyISAM	utf8mb4_unicode_520_ci	
wp_fc_funnel_subscribers	33	3300	10240	MyISAM	utf8mb4_unicode_520_ci	
wp_fc_lists	2	116	2048	MyISAM	utf8mb4_unicode_520_ci	
wp_fc_meta	12	20980	11264	MyISAM	utf8mb4_unicode_520_ci	
wp_fc_sequence_tracker	33	9240	8192	MyISAM	utf8mb4_unicode_520_ci	
wp_fc_subscribers	33	5404	11264	MyISAM	utf8mb4_unicode_520_ci	
wp_fc_subscriber_meta	45	4304	4096	MyISAM	utf8mb4_unicode_520_ci	
wp_fc_subscriber_notes	0	0	1024	MyISAM	utf8mb4_unicode_520_ci	
wp_fc_subscriber_pivot	132	8712	17408	MyISAM	utf8mb4_unicode_520_ci	
wp_fc_tags	10	440	2048	MyISAM	utf8mb4_unicode_520_ci	
wp_fc_terms	0	0	2048	MyISAM	utf8mb4_unicode_520_ci	
wp_fc_term_relations	0	0	4096	MyISAM	utf8mb4_unicode_520_ci	
wp_fc_url_stores	4	312	10240	MyISAM	utf8mb4_unicode_520_ci	
wp_ff_scheduled_actions	0	0	1024	MyISAM	utf8mb4_unicode_520_ci	
wp_fluentform_draft_submissions	0	0	1024	MyISAM	utf8mb4_unicode_520_ci	
wp_fluentform_entry_details	0	0	1024	MyISAM	utf8mb4_unicode_520_ci	
wp_fluentform_forms	7	33036	2048	MyISAM	utf8mb4_unicode_520_ci	
wp_fluentform_form_analytics	0	0	1024	MyISAM	utf8mb4_unicode_520_ci	
wp_fluentform_form_meta	57	90020	13312	MyISAM	utf8mb4_unicode_520_ci	
wp_fluentform_logs	0	0	1024	MyISAM	utf8mb4_unicode_520_ci	
wp_fluentform_order_items	0	0	1024	MyISAM	utf8mb4_unicode_520_ci	
wp_fluentform_submissions	0	0	1024	MyISAM	utf8mb4_unicode_520_ci	
wp_fluentform_submission_meta	0	0	1024	MyISAM	utf8mb4_unicode_520_ci	
wp_fluentform_subscriptions	0	0	1024	MyISAM	utf8mb4_unicode_520_ci	
wp_fluentform_transactions	0	0	1024	MyISAM	utf8mb4_unicode_520_ci	
wp_fsmpt_email_logs	0	0	1024	MyISAM	utf8mb4_unicode_520_ci	
wp_links	0	0	1024	MyISAM	utf8mb4_unicode_520_ci	
wp_litespeed_url	0	0	4096	MyISAM	utf8mb4_unicode_520_ci	
wp_litespeed_url_file	0	0	1024	MyISAM	utf8mb4_unicode_520_ci	
wp_options	689	2180300	57344	MyISAM	utf8mb4_unicode_520_ci	
wp_postmeta	7485	34814092	284672	MyISAM	utf8mb4_unicode_520_ci	
wp_posts	1087	28223336	97280	MyISAM	utf8mb4_unicode_520_ci	
wp_rank_math_404_logs	58	3732	9216	MyISAM	utf8mb4_unicode_520_ci	
wp_rank_math_internal_links	1425	208692	264192	MyISAM	utf8mb4_unicode_520_ci	
wp_rank_math_internal_meta	148	3108	5120	MyISAM	utf8mb4_unicode_520_ci	
wp_rank_math_link_genius_audit	2129	212992	524288	InnoDB	utf8mb4_unicode_520_ci	
wp_rank_math_link_genius_history	0	16384	98304	InnoDB	utf8mb4_unicode_520_ci	
wp_rank_math_link_genius_maps	0	16384	65536	InnoDB	utf8mb4_unicode_520_ci	
wp_rank_math_link_genius_map_variations	0	16384	49152	InnoDB	utf8mb4_unicode_520_ci	
wp_rank_math_link_genius_snapshots	0	16384	49152	InnoDB	utf8mb4_unicode_520_ci	
wp_rank_math_redirections	3	576	4096	MyISAM	utf8mb4_unicode_520_ci	
wp_rank_math_redirections_cache	3	124	3072	MyISAM	utf8mb4_unicode_520_ci	
wp_snippets	41	1090616	4096	MyISAM	utf8mb4_unicode_520_ci	
wp_termmeta	0	0	4096	MyISAM	utf8mb4_unicode_520_ci	
wp_terms	3	132	13312	MyISAM	utf8mb4_unicode_520_ci	
wp_term_relationships	2	42	3072	MyISAM	utf8mb4_unicode_520_ci	
wp_term_taxonomy	3	112	4096	MyISAM	utf8mb4_unicode_520_ci	
wp_tutor_carts	0	0	1024	MyISAM	utf8mb4_unicode_520_ci	
wp_tutor_cart_items	0	0	1024	MyISAM	utf8mb4_unicode_520_ci	
wp_tutor_coupons	0	0	1024	MyISAM	utf8mb4_unicode_520_ci	
wp_tutor_coupon_applications	0	0	1024	MyISAM	utf8mb4_unicode_520_ci	
wp_tutor_coupon_usages	0	0	1024	MyISAM	utf8mb4_unicode_520_ci	
wp_tutor_customers	0	0	4096	MyISAM	utf8mb4_unicode_520_ci	
wp_tutor_earnings	0	0	1024	MyISAM	utf8mb4_unicode_520_ci	
wp_tutor_notification_preferences	0	0	1024	MyISAM	utf8mb4_unicode_520_ci	
wp_tutor_ordermeta	0	0	4096	MyISAM	utf8mb4_unicode_520_ci	
wp_tutor_orders	0	0	4096	MyISAM	utf8mb4_unicode_520_ci	
wp_tutor_order_itemmeta	0	0	4096	MyISAM	utf8mb4_unicode_520_ci	
wp_tutor_order_items	0	0	1024	MyISAM	utf8mb4_unicode_520_ci	
wp_tutor_quiz_attempts	0	0	1024	MyISAM	utf8mb4_unicode_520_ci	
wp_tutor_quiz_attempt_answers	0	0	1024	MyISAM	utf8mb4_unicode_520_ci	
wp_tutor_quiz_questions	0	0	1024	MyISAM	utf8mb4_unicode_520_ci	
wp_tutor_quiz_question_answers	0	0	1024	MyISAM	utf8mb4_unicode_520_ci	
wp_tutor_withdraws	0	0	1024	MyISAM	utf8mb4_unicode_520_ci	
wp_um_metadata	0	0	4096	MyISAM	utf8mb4_unicode_520_ci	
wp_usermeta	773	56984	46080	MyISAM	utf8mb4_unicode_520_ci	
wp_users	35	5208	8192	MyISAM	utf8mb4_unicode_520_ci	
wp_wfauditevents	0	0	1024	MyISAM	utf8mb3_general_ci	
wp_wfblockediplog	152	6052	7168	MyISAM	utf8mb3_general_ci	
wp_wfblocks7	0	0	1024	MyISAM	utf8mb3_general_ci	
wp_wfconfig	286	511116	14336	MyISAM	utf8mb3_general_ci	
wp_wfcrawlers	6	372	2048	MyISAM	utf8mb3_general_ci	
wp_wffilechanges	0	0	1024	MyISAM	utf8mb3_general_ci	
wp_wffilemods	21180	5818096	724992	MyISAM	utf8mb3_general_ci	
wp_wfhits	1795	502700	105472	MyISAM	utf8mb3_general_ci	
wp_wfhoover	0	0	1024	MyISAM	utf8mb3_general_ci	
wp_wfissues	7	9912	6144	MyISAM	utf8mb3_general_ci	
wp_wfknownfilelist	21181	4166236	219136	MyISAM	utf8mb3_general_ci	
wp_wflivetraffichuman	0	0	1024	MyISAM	utf8mb3_general_ci	
wp_wflocs	0	0	1024	MyISAM	utf8mb3_general_ci	
wp_wflogins	264	44664	13312	MyISAM	utf8mb3_general_ci	
wp_wfls_2fa_secrets	0	16384	16384	InnoDB	utf8mb3_general_ci	
wp_wfls_role_counts	0	0	0	MEMORY	latin1_swedish_ci	
wp_wfls_settings	34	16384	0	InnoDB	utf8mb3_general_ci	
wp_wfnotifications	3	496	2048	MyISAM	utf8mb3_general_ci	
wp_wfpendingissues	0	0	1024	MyISAM	utf8mb3_general_ci	
wp_wfreversecache	0	0	1024	MyISAM	utf8mb3_general_ci	
wp_wfsecurityevents	0	0	1024	MyISAM	utf8mb3_general_ci	
wp_wfsnipcache	0	0	1024	MyISAM	utf8mb3_general_ci	
wp_wfstatus	919	77224	38912	MyISAM	utf8mb3_general_ci	
wp_wftrafficrates	0	0	1024	MyISAM	utf8mb3_general_ci	
wp_wfwaffailures	0	0	1024	MyISAM	utf8mb3_general_ci	
