meta_key	rows_cnt	users_cnt	empty_cnt	filled_cnt	fill_pct	avg_len	max_len
account_status	35	35	0	35	100.0	8.0000	8
admin_color	35	35	0	35	100.0	6.0000	6
comment_shortcuts	35	35	0	35	100.0	5.0000	5
description	35	35	35	0	0.0	0.0000	0
first_name	35	35	1	34	97.1	8.5143	19
last_name	35	35	4	31	88.6	6.4286	14
locale	35	35	35	0	0.0	0.0000	0
nickname	35	35	0	35	100.0	7.4000	12
rich_editing	35	35	0	35	100.0	4.0000	4
show_admin_bar_front	35	35	0	35	100.0	4.0000	4
syntax_highlighting	35	35	0	35	100.0	4.0000	4
um_member_directory_data	35	35	0	35	100.0	137.0000	137
um_user_profile_url_slug_user_login	35	35	0	35	100.0	7.4000	12
use_ssl	35	35	0	35	100.0	1.0000	1
wp_capabilities	35	35	0	35	100.0	38.6000	59
wp_user_level	35	35	0	35	100.0	1.0286	2
synced_gravatar_hashed_id	34	34	0	34	100.0	32.0000	32
_is_tutor_student	33	33	0	33	100.0	10.0000	10
_last_login	5	5	0	5	100.0	19.0000	19
_um_last_login	5	5	0	5	100.0	19.0000	19
session_tokens	5	5	0	5	100.0	678.2000	2165
tutor_last_login	5	5	0	5	100.0	10.0000	10
wfls-last-login	5	5	0	5	100.0	10.0000	10
acquisition_source	3	3	0	3	100.0	12.6667	16
city	3	3	0	3	100.0	6.3333	7
country	3	3	0	3	100.0	12.6667	16
form_id	3	3	0	3	100.0	2.0000	2
full_name	3	3	0	3	100.0	11.6667	13
last_update	3	3	0	3	100.0	10.0000	10
newsletter_optin	3	3	0	3	100.0	60.0000	60
spiritual_status	3	3	0	3	100.0	29.3333	32
submitted	3	3	0	3	100.0	673.0000	686
terms_accepted	3	3	0	3	100.0	93.0000	93
whatsapp	3	3	0	3	100.0	10.0000	10
_cr_last_active_date	2	2	0	2	100.0	19.0000	19
_tutor_timezone	2	2	1	1	50.0	7.0000	14
um_account_secure_fields	2	2	0	2	100.0	314.5000	340
wp_elementor_connect_common_data	2	2	0	2	100.0	638.0000	638
_e_welcome_popover_displayed	1	1	0	1	100.0	1.0000	1
_is_tutor_instructor	1	1	0	1	100.0	10.0000	10
_tutor_instructor_approved	1	1	0	1	100.0	10.0000	10
_tutor_instructor_course_id	7	1	0	7	100.0	3.0000	3
_tutor_instructor_status	1	1	0	1	100.0	8.0000	8
_tutor_profile_bio	1	1	1	0	0.0	0.0000	0
_tutor_profile_job_title	1	1	1	0	0.0	0.0000	0
_tutor_profile_photo	1	1	1	0	0.0	0.0000	0
additional_profile_urls	1	1	1	0	0.0	0.0000	0
closedpostboxes_dashboard	1	1	0	1	100.0	6.0000	6
closedpostboxes_um_form	1	1	0	1	100.0	6.0000	6
community-events-location	1	1	0	1	100.0	35.0000	35
cr_badge_earned_first_comment	1	1	0	1	100.0	19.0000	19
cr_badge_earned_first_like	1	1	0	1	100.0	19.0000	19
cr_badge_earned_first_live	1	1	0	1	100.0	19.0000	19
cr_badge_earned_prayer_warrior	1	1	0	1	100.0	19.0000	19
cr_badge_earned_welcome	1	1	0	1	100.0	19.0000	19
cr_donation_clicks_count	1	1	0	1	100.0	1.0000	1
dismissed_wp_pointers	1	1	0	1	100.0	37.0000	37
elementor_admin_notices	1	1	0	1	100.0	153.0000	153
elementor_introduction	1	1	0	1	100.0	116.0000	116
facebook	1	1	1	0	0.0	0.0000	0
manageedit-coursescolumnshidden	1	1	0	1	100.0	77.0000	77
manageedit-coursescolumnshidden_default	1	1	0	1	100.0	1.0000	1
manageedit-e-floating-buttonscolumnshidden	1	1	0	1	100.0	77.0000	77
manageedit-e-floating-buttonscolumnshidden_default	1	1	0	1	100.0	1.0000	1
manageedit-elementskit_contentcolumnshidden	1	1	0	1	100.0	77.0000	77
manageedit-elementskit_contentcolumnshidden_default	1	1	0	1	100.0	1.0000	1
manageedit-elementskit_templatecolumnshidden	1	1	0	1	100.0	77.0000	77
manageedit-elementskit_templatecolumnshidden_default	1	1	0	1	100.0	1.0000	1
manageedit-elementskit_widgetcolumnshidden	1	1	0	1	100.0	77.0000	77
manageedit-elementskit_widgetcolumnshidden_default	1	1	0	1	100.0	1.0000	1
manageedit-lessoncolumnshidden	1	1	0	1	100.0	77.0000	77
manageedit-lessoncolumnshidden_default	1	1	0	1	100.0	1.0000	1
manageedit-pagecolumnshidden	1	1	0	1	100.0	77.0000	77
manageedit-pagecolumnshidden_default	1	1	0	1	100.0	1.0000	1
manageedit-postcolumnshidden	1	1	0	1	100.0	77.0000	77
manageedit-postcolumnshidden_default	1	1	0	1	100.0	1.0000	1
manageedit-tahefobu_footercolumnshidden	1	1	0	1	100.0	77.0000	77
manageedit-tahefobu_footercolumnshidden_default	1	1	0	1	100.0	1.0000	1
manageedit-tahefobu_headercolumnshidden	1	1	0	1	100.0	77.0000	77
manageedit-tahefobu_headercolumnshidden_default	1	1	0	1	100.0	1.0000	1
manageedit-tutor_assignmentscolumnshidden	1	1	0	1	100.0	77.0000	77
manageedit-tutor_assignmentscolumnshidden_default	1	1	0	1	100.0	1.0000	1
manageedit-tutor_quizcolumnshidden	1	1	0	1	100.0	77.0000	77
manageedit-tutor_quizcolumnshidden_default	1	1	0	1	100.0	1.0000	1
meta-box-order_page	1	1	0	1	100.0	71.0000	71
meta-box-order_post	1	1	0	1	100.0	71.0000	71
meta-box-order_um_form	1	1	0	1	100.0	325.0000	325
metaboxhidden_dashboard	1	1	0	1	100.0	384.0000	384
metaboxhidden_um_form	1	1	0	1	100.0	172.0000	172
screen_layout_um_form	1	1	0	1	100.0	1.0000	1
show_welcome_panel	1	1	0	1	100.0	1.0000	1
twitter	1	1	1	0	0.0	0.0000	0
wp_dashboard_quick_press_last_post_id	1	1	0	1	100.0	4.0000	4
wp_elementor_enable_ai	1	1	0	1	100.0	1.0000	1
wp_googlesitekit_access_token	1	1	0	1	100.0	592.0000	592
wp_googlesitekit_access_token_created_at	1	1	0	1	100.0	10.0000	10
wp_googlesitekit_access_token_expires_in	1	1	0	1	100.0	4.0000	4
wp_googlesitekit_additional_auth_scopes	1	1	0	1	100.0	115.0000	115
wp_googlesitekit_auth_scopes	1	1	0	1	100.0	380.0000	380
wp_googlesitekit_profile	1	1	0	1	100.0	235.0000	235
wp_googlesitekit_refresh_token	1	1	0	1	100.0	448.0000	448
wp_googlesitekit_site_verification_file	1	1	0	1	100.0	16.0000	16
wp_googlesitekit_site_verified_meta	1	1	0	1	100.0	8.0000	8
wp_googlesitekit_survey_queue	1	1	0	1	100.0	6.0000	6
wp_googlesitekit_survey_timeouts	1	1	0	1	100.0	147.0000	147
wp_googlesitekit_tracking_optin	1	1	0	1	100.0	1.0000	1
wp_googlesitekitpersistent_dismissed_items	1	1	0	1	100.0	58.0000	58
wp_googlesitekitpersistent_dismissed_prompts	1	1	0	1	100.0	76.0000	76
wp_googlesitekitpersistent_initial_version	1	1	0	1	100.0	7.0000	7
wp_persisted_preferences	1	1	0	1	100.0	536.0000	536
wp_user-settings	1	1	0	1	100.0	33.0000	33
wp_user-settings-time	1	1	0	1	100.0	10.0000	10
