option_name	value_len	autoload
__fluentcrm_campaign_license	260	off
__ultimatemember_sitekey	46	auto
_elementor_design_system_sync_css_meta	38	auto
_elementor_element_cache_unique_id	32	auto
_elementor_free_to_pro_upsell	777	off
_elementor_home_screen_data	13576	off
_elementor_installed_time	10	auto
_elementor_notifications_data	10277	off
_elementor_onboarding_strings_fr_FR	5488	off
_elementor_pro_api_requests_lock	43	auto
_elementor_pro_editor_activate_license_notice_dismissed	10	auto
_elementor_pro_free_trial_data	629	off
_elementor_pro_installed_time	10	auto
_elementor_pro_license_v2_data	655	off
_elementor_pro_license_v2_data_fallback	655	off
_elementor_v4_promotions	916	off
_fc_funnel_processor_lock	0	off
_fc_last_funnel_processor	0	off
_fc_last_funnel_processor_ran	10	off
_fc_last_sequence_run	10	off
_fcrm_last_email_process_cleanup	10	off
_fcrm_last_five_minutes_run	10	off
_fcrm_last_scheduler	10	off
_ff_fluentform_pro_license_key	32	auto
_ff_fluentform_pro_license_status	5	auto
_ff_fluentform_pro_license_status_checking	352	auto
_fluentcrm_commerce_modules	50	auto
_fluentcrm_db_version	7	auto
_fluentcrm_lock_campaign_chain_3	0	off
_fluentcrm_lock_five_minute_scheduler	0	off
_fluentcrm_lock_hourly_scheduler	0	off
_fluentcrm_lock_minute_scheduler	0	off
_fluentform_global_form_settings	418	off
_fluentform_installed_version	5	off
_hello-elementor_notifications	8381	off
_site_transient_ai1wm_last_check_for_updates	10	off
_site_transient_available_translations	49419	off
_site_transient_browser_73c2e21c0fc47f8841aa6000af1e64c7	367	off
_site_transient_fs_locked_1	1	off
_site_transient_php_check_cd633f280befbb9a5fff20e12f00bb6b	145	off
_site_transient_theme_roots	81	off
_site_transient_timeout_available_translations	10	off
_site_transient_timeout_browser_73c2e21c0fc47f8841aa6000af1e64c7	10	off
_site_transient_timeout_fs_locked_1	10	off
_site_transient_timeout_php_check_cd633f280befbb9a5fff20e12f00bb6b	10	off
_site_transient_timeout_theme_roots	10	off
_site_transient_timeout_wp_theme_files_patterns-23b5eea2c78d5fa995a3f5fca4f3b987	10	off
_site_transient_timeout_wp_theme_files_patterns-61ae794afad366fd36bc00e447401c20	10	off
_site_transient_update_core	683	off
_site_transient_update_plugins	14753	off
_site_transient_update_themes	806	off
_site_transient_wp_plugin_dependencies_plugin_data	201571	off
_site_transient_wp_theme_files_patterns-23b5eea2c78d5fa995a3f5fca4f3b987	30181	off
_site_transient_wp_theme_files_patterns-61ae794afad366fd36bc00e447401c20	30181	off
_transient__elementor_ab_test_plg_site_mailer_submission	1	off
_transient_code_snippets_welcome_data	5073	off
_transient_ekit_element_manager_compatibity	1	on
_transient_ekit_lite_mailchimp_migrate	5	on
_transient_elementor_migrations_manifest	1540	off
_transient_elementor_one_elementor_one_license_check_lock	1	off
_transient_elementskit-lite-go-pro-noti2ce	1	off
_transient_googlesitekit_analytics-4_data_available	1	on
_transient_googlesitekit_conversion_reporting_skip_new_badge_events	1	on
_transient_googlesitekit_number_of_administrators	1	off
_transient_googlesitekit_search-console_data_available	1	on
_transient_googlesitekit_verification_meta_tags	6	on
_transient_health-check-site-status-result	40	on
_transient_pt_auto_update_elementor-pro	2	off
_transient_rank_math_first_submenu_id	9	on
_transient_timeout__elementor_ab_test_plg_site_mailer_submission	10	off
_transient_timeout_code_snippets_welcome_data	10	off
_transient_timeout_elementor_migrations_manifest	10	off
_transient_timeout_elementor_one_elementor_one_license_check_lock	10	off
_transient_timeout_elementskit-lite-go-pro-noti2ce	10	off
_transient_timeout_googlesitekit_number_of_administrators	10	off
_transient_timeout_pt_auto_update_elementor-pro	10	off
_transient_um_count_users_approved	2	on
_transient_um_count_users_pending_dot	1	on
_transient_wp_core_block_css_files	22750	on
_transient_wp_styles_for_blocks	11356	on
abj404_logsv2_canonical_url_backfill_complete	1	off
abj404_ngram_usage_stats	220	auto
action_scheduler_hybrid_store_demarkation	2	auto
action_scheduler_lock_async-request-runner	34	no
action_scheduler_migration_status	8	auto
active_plugins	1499	on
admin_email	26	on
admin_email_lifespan	10	on
ai1wm_secret_key	12	auto
ai1wm_status	463	auto
ai1wm_updater	6	auto
as_has_wp_comment_logs	2	on
auto_core_update_notified	132	off
auto_plugin_theme_update_emails	6	off
auto_update_core_dev	7	on
auto_update_core_major	7	on
auto_update_core_minor	7	on
auto_update_plugins	216	off
avatar_default	7	on
avatar_rating	1	on
b55970adcdbaa6c0c29107d1184efa44	49	off
blog_charset	5	on
blog_public	1	on
blogdescription	0	on
blogname	15	on
can_compress_scripts	1	on
category_base	0	on
category_children	6	auto
close_comments_days_old	2	on
close_comments_for_old_posts	1	on
code_snippets_settings	738	auto
code_snippets_version	5	auto
comment_max_links	1	on
comment_moderation	1	on
comment_order	3	on
comment_previously_approved	1	on
comment_registration	1	on
comments_notify	1	on
comments_per_page	2	on
cr_chariow_api_key	44	auto
cr_chariow_orders_endpoint	6	auto
cr_fe_db_version	3	auto
cr_featured_event	1039	auto
cr_featured_event_data	893	auto
cr_footer_newsletter_form_id	1	auto
cr_forum_db_version	3	auto
cr_last_service_video	174	auto
cr_live_chariow_bg_color	7	auto
cr_live_chariow_cta_text	29	auto
cr_live_chariow_cta_width	2	auto
cr_live_chariow_locale	2	auto
cr_live_chariow_product_id	10	auto
cr_live_chariow_store_domain	23	auto
cr_live_chariow_style	3	auto
cr_live_db_version	4	auto
cr_live_fix_209_done	1	auto
cr_onesignal_api_key	113	auto
cr_onesignal_enabled	1	auto
cr_onesignal_identify_users	1	auto
cr_os_newpost_enabled	1	auto
cr_os_newpost_types	56	auto
cr_p3_seeded	19	auto
cr_pdf_db_version	3	auto
cr_pray_db_version	3	auto
cr_retreat_settings	837	auto
cr_retreat_signups	631	off
cr_verset_jour_db	7358	auto
cr_vj_settings	62	auto
cron	7675	on
current_theme	18	auto
date_format	5	on
db_upgraded	0	on
db_version	5	on
default_category	1	on
default_comment_status	4	on
default_comments_page	6	on
default_email_category	1	on
default_link_category	1	on
default_ping_status	4	on
default_pingback_flag	1	on
default_post_format	1	on
default_role	10	on
disallowed_keys	0	off
e_editor_counter	3	auto
elementor_active_kit	2	auto
elementor_allow_tracking	2	auto
elementor_angie_guide_auto_shown	3	auto
elementor_atomic_cache_validity__base	127	off
elementor_atomic_cache_validity__component-styles-related-posts	133	off
elementor_atomic_cache_validity__global	425	off
elementor_atomic_cache_validity__local	425	off
elementor_atomic_cache_validity__template-styles-related-posts	133	off
elementor_atomic_widgets_db_version	1	auto
elementor_beta	2	auto
elementor_checklist	604	auto
elementor_clear_cache	0	auto
elementor_connect_site_key	32	auto
elementor_custom_icon_sets_config	6	auto
elementor_disabled_elements	714	auto
elementor_enable_inspector	0	auto
elementor_events_db_version	5	off
elementor_font_display	4	auto
elementor_fonts_manager_font_types	6	auto
elementor_fonts_manager_fonts	6	auto
elementor_global_classes_db_version	1	auto
elementor_install_history	206	auto
elementor_landing_pages_activation	1	auto
elementor_log	28168	off
elementor_maintenance_mode_exclude_mode	9	auto
elementor_maintenance_mode_exclude_roles	6	auto
elementor_maintenance_mode_mode	0	auto
elementor_maintenance_mode_template_id	0	auto
elementor_notes_db_version	1	auto
elementor_onboarded	5	auto
elementor_onboarding_progress	237	auto
elementor_one_client_id	36	auto
elementor_one_client_secret	26	auto
elementor_one_internal_logs	11121	off
elementor_pro_install_history	56	auto
elementor_pro_license_key	46	auto
elementor_pro_license_status	5	auto
elementor_pro_remote_info_api_data_4.1.0	255555	off
elementor_pro_theme_builder_conditions	6	auto
elementor_pro_tracker_notice	1	auto
elementor_pro_version	5	auto
elementor_remote_info_feed_data	1951	off
elementor_remote_info_library	682646	off
elementor_replace_url	0	auto
elementor_reset_api_data	0	auto
elementor_rollback	0	auto
elementor_rollback_pro	0	auto
elementor_rollback_pro_separator	0	auto
elementor_submissions_db_version	1	auto
elementor_tracker_notice	1	auto
elementor_version	5	auto
elements_kit_onboard_status	9	auto
elementskit_options	8061	auto
elementskit-lite__banner_data	9676	auto
elementskit-lite__banner_last_check	10	auto
elementskit-lite__stories_data	6377	auto
elementskit-lite__stories_last_check	10	auto
elementskit-lite_install_date	19	auto
finished_splitting_shared_terms	1	on
finished_updating_comment_type	1	auto
fluentcrm_funnel_settings	50	on
fluentcrm_is_sending_emails	0	off
fluentcrm-global-settings	393	auto
fluentform_db_fluentform_logs_added	1	off
fluentform_empty_manager_scopes_normalized	5	off
fluentform_entry_details_migrated	3	off
fluentform_global_modules_status	247	off
fluentform_scheduled_actions_migrated	3	off
fresh_site	1	off
fs_accounts	12078	auto
fs_active_plugins	19	auto
fs_api_cache	6	off
fs_debug_mode	0	auto
fs_gdpr	51	auto
gmt_offset	1	on
googlesitekit_active_modules	73	auto
googlesitekit_analytics-4_settings	840	auto
googlesitekit_connected_proxy_url	34	auto
googlesitekit_conversion_tracking	24	auto
googlesitekit_credentials	444	auto
googlesitekit_db_version	7	auto
googlesitekit_has_connected_admins	1	auto
googlesitekit_search-console_settings	84	auto
googlesitekitpersistent_remote_features	1393	auto
hack_file	1	on
hello_elementor_settings_header_footer	2	auto
hello_elementor_settings_hello_style	2	auto
hello_elementor_settings_hello_theme	2	auto
hello_elementor_settings_page_title	2	auto
hello_elementor_settings_skip_link	2	auto
hello_theme_version	5	auto
home	33	on
html_type	9	on
image_default_align	0	on
image_default_link_type	4	on
image_default_size	0	on
initial_db_version	5	on
jwt_token_registry	148	auto
large_size_h	4	on
large_size_w	4	on
link_manager_enabled	1	on
links_updated_date_format	12	on
litespeed.admin_display.messages	137	auto
litespeed.admin_display.thirdparty_litespeed_check	1	auto
litespeed.cloud._summary	4272	auto
litespeed.conf._version	5	auto
litespeed.conf.api_key	0	auto
litespeed.conf.auto_upgrade	0	auto
litespeed.conf.cache	1	auto
litespeed.conf.cache-ajax_ttl	2	auto
litespeed.conf.cache-browser	0	auto
litespeed.conf.cache-commenter	1	auto
litespeed.conf.cache-drop_qs	31	auto
litespeed.conf.cache-exc	2	auto
litespeed.conf.cache-exc_cat	2	auto
litespeed.conf.cache-exc_cookies	2	auto
litespeed.conf.cache-exc_qs	2	auto
litespeed.conf.cache-exc_roles	2	auto
litespeed.conf.cache-exc_tag	2	auto
litespeed.conf.cache-exc_useragents	2	auto
litespeed.conf.cache-force_pub_uri	2	auto
litespeed.conf.cache-force_uri	2	auto
litespeed.conf.cache-login_cookie	0	auto
litespeed.conf.cache-mobile	0	auto
litespeed.conf.cache-mobile_rules	77	auto
litespeed.conf.cache-page_login	1	auto
litespeed.conf.cache-priv	1	auto
litespeed.conf.cache-priv_uri	2	auto
litespeed.conf.cache-rest	1	auto
litespeed.conf.cache-ttl_browser	8	auto
litespeed.conf.cache-ttl_feed	6	auto
litespeed.conf.cache-ttl_frontpage	6	auto
litespeed.conf.cache-ttl_priv	4	auto
litespeed.conf.cache-ttl_pub	6	auto
litespeed.conf.cache-ttl_rest	6	auto
litespeed.conf.cache-ttl_status	22	auto
litespeed.conf.cache-vary_cookies	2	auto
litespeed.conf.cache-vary_group	2	auto
litespeed.conf.cdn	0	auto
litespeed.conf.cdn-attr	54	auto
litespeed.conf.cdn-cloudflare	0	auto
litespeed.conf.cdn-cloudflare_clear	0	auto
litespeed.conf.cdn-cloudflare_email	0	auto
litespeed.conf.cdn-cloudflare_key	0	auto
litespeed.conf.cdn-cloudflare_name	0	auto
litespeed.conf.cdn-cloudflare_zone	0	auto
litespeed.conf.cdn-exc	2	auto
litespeed.conf.cdn-mapping	204	auto
litespeed.conf.cdn-ori	2	auto
litespeed.conf.cdn-ori_dir	28	auto
litespeed.conf.cdn-quic	0	auto
litespeed.conf.crawler	0	auto
litespeed.conf.crawler-cookies	2	auto
litespeed.conf.crawler-crawl_interval	6	auto
litespeed.conf.crawler-load_limit	1	auto
litespeed.conf.crawler-roles	2	auto
litespeed.conf.crawler-sitemap	0	auto
litespeed.conf.db_optm-revisions_age	1	auto
litespeed.conf.db_optm-revisions_max	1	auto
litespeed.conf.debug	1	auto
litespeed.conf.debug-collapse_qs	0	auto
litespeed.conf.debug-disable_all	0	auto
litespeed.conf.debug-disable_tmp	1	auto
litespeed.conf.debug-exc	2	auto
litespeed.conf.debug-exc_strings	2	auto
litespeed.conf.debug-filesize	1	auto
litespeed.conf.debug-inc	2	auto
litespeed.conf.debug-ips	13	auto
litespeed.conf.debug-level	0	auto
litespeed.conf.discuss-avatar_cache	0	auto
litespeed.conf.discuss-avatar_cache_ttl	6	auto
litespeed.conf.discuss-avatar_cron	0	auto
litespeed.conf.esi	0	auto
litespeed.conf.esi-cache_admbar	1	auto
litespeed.conf.esi-cache_commform	1	auto
litespeed.conf.esi-nonce	33	auto
litespeed.conf.guest	0	auto
litespeed.conf.guest_optm	0	auto
litespeed.conf.hash	32	auto
litespeed.conf.img_optm-auto	0	auto
litespeed.conf.img_optm-exif	1	auto
litespeed.conf.img_optm-jpg_quality	2	auto
litespeed.conf.img_optm-lossless	0	auto
litespeed.conf.img_optm-ori	1	auto
litespeed.conf.img_optm-rm_bkup	0	auto
litespeed.conf.img_optm-sizes_skipped	2	auto
litespeed.conf.img_optm-webp	1	auto
litespeed.conf.img_optm-webp_attr	178	auto
litespeed.conf.img_optm-webp_replace_srcset	0	auto
litespeed.conf.media-add_missing_sizes	0	auto
litespeed.conf.media-auto_rescale_ori	0	auto
litespeed.conf.media-iframe_lazy	0	auto
litespeed.conf.media-iframe_lazy_cls_exc	2	auto
litespeed.conf.media-iframe_lazy_parent_cls_exc	2	auto
litespeed.conf.media-lazy	0	auto
litespeed.conf.media-lazy_cls_exc	19	auto
litespeed.conf.media-lazy_exc	2	auto
litespeed.conf.media-lazy_parent_cls_exc	2	auto
litespeed.conf.media-lazy_placeholder	0	auto
litespeed.conf.media-lazy_uri_exc	2	auto
litespeed.conf.media-lqip	0	auto
litespeed.conf.media-lqip_exc	2	auto
litespeed.conf.media-lqip_min_h	3	auto
litespeed.conf.media-lqip_min_w	3	auto
litespeed.conf.media-lqip_qual	1	auto
litespeed.conf.media-placeholder_resp	0	auto
litespeed.conf.media-placeholder_resp_async	1	auto
litespeed.conf.media-placeholder_resp_color	7	auto
litespeed.conf.media-placeholder_resp_svg	185	auto
litespeed.conf.media-vpi	0	auto
litespeed.conf.media-vpi_cron	0	auto
litespeed.conf.misc-heartbeat_back	0	auto
litespeed.conf.misc-heartbeat_back_ttl	2	auto
litespeed.conf.misc-heartbeat_editor	0	auto
litespeed.conf.misc-heartbeat_editor_ttl	2	auto
litespeed.conf.misc-heartbeat_front	0	auto
litespeed.conf.misc-heartbeat_front_ttl	2	auto
litespeed.conf.news	1	auto
litespeed.conf.object	0	auto
litespeed.conf.object-admin	1	auto
litespeed.conf.object-db_id	1	auto
litespeed.conf.object-global_groups	216	auto
litespeed.conf.object-host	9	auto
litespeed.conf.object-kind	0	auto
litespeed.conf.object-life	3	auto
litespeed.conf.object-non_persistent_groups	46	auto
litespeed.conf.object-persistent	1	auto
litespeed.conf.object-port	5	auto
litespeed.conf.object-pswd	0	auto
litespeed.conf.object-user	0	auto
litespeed.conf.optm-ccss_con	0	auto
litespeed.conf.optm-ccss_per_url	0	auto
litespeed.conf.optm-ccss_sep_posttype	8	auto
litespeed.conf.optm-ccss_sep_uri	2	auto
litespeed.conf.optm-ccss_whitelist	2	auto
litespeed.conf.optm-css_async	0	auto
litespeed.conf.optm-css_async_inline	1	auto
litespeed.conf.optm-css_comb	0	auto
litespeed.conf.optm-css_comb_ext_inl	1	auto
litespeed.conf.optm-css_exc	2	auto
litespeed.conf.optm-css_font_display	0	auto
litespeed.conf.optm-css_min	0	auto
litespeed.conf.optm-dns_preconnect	2	auto
litespeed.conf.optm-dns_prefetch	2	auto
litespeed.conf.optm-dns_prefetch_ctrl	0	auto
litespeed.conf.optm-emoji_rm	0	auto
litespeed.conf.optm-exc	2	auto
litespeed.conf.optm-exc_roles	2	auto
litespeed.conf.optm-ggfonts_async	0	auto
litespeed.conf.optm-ggfonts_rm	0	auto
litespeed.conf.optm-gm_js_exc	2	auto
litespeed.conf.optm-guest_only	1	auto
litespeed.conf.optm-html_lazy	2	auto
litespeed.conf.optm-html_min	0	auto
litespeed.conf.optm-html_skip_comment	2	auto
litespeed.conf.optm-js_comb	0	auto
litespeed.conf.optm-js_comb_ext_inl	1	auto
litespeed.conf.optm-js_defer	1	auto
litespeed.conf.optm-js_defer_exc	53	auto
litespeed.conf.optm-js_delay_inc	2	auto
litespeed.conf.optm-js_exc	29	auto
litespeed.conf.optm-js_min	0	auto
litespeed.conf.optm-localize	0	auto
litespeed.conf.optm-localize_domains	125	auto
litespeed.conf.optm-noscript_rm	0	auto
litespeed.conf.optm-qs_rm	0	auto
litespeed.conf.optm-ucss	0	auto
litespeed.conf.optm-ucss_exc	2	auto
litespeed.conf.optm-ucss_file_exc_inline	2	auto
litespeed.conf.optm-ucss_inline	0	auto
litespeed.conf.optm-ucss_whitelist	2	auto
litespeed.conf.purge-hook_all	157	auto
litespeed.conf.purge-post_a	1	auto
litespeed.conf.purge-post_all	0	auto
litespeed.conf.purge-post_d	0	auto
litespeed.conf.purge-post_f	1	auto
litespeed.conf.purge-post_h	1	auto
litespeed.conf.purge-post_m	1	auto
litespeed.conf.purge-post_p	1	auto
litespeed.conf.purge-post_pt	1	auto
litespeed.conf.purge-post_pwrp	1	auto
litespeed.conf.purge-post_t	1	auto
litespeed.conf.purge-post_y	0	auto
litespeed.conf.purge-stale	0	auto
litespeed.conf.purge-timed_urls	2	auto
litespeed.conf.purge-timed_urls_time	0	auto
litespeed.conf.purge-upgrade	0	auto
litespeed.conf.qc-cname	0	auto
litespeed.conf.qc-nameservers	0	auto
litespeed.conf.server_ip	0	auto
litespeed.conf.util-instant_click	0	auto
litespeed.conf.util-no_https_vary	0	auto
litespeed.data.upgrading	2	auto
litespeed.gui._summary	45	auto
litespeed.gui.dismiss	2	auto
litespeed.gui.lscwp_whm_install	2	auto
litespeed.optimize.timestamp_purge_css	10	auto
litespeed.purge.queue	2	auto
litespeed.purge.queue2	2	auto
mailserver_login	17	on
mailserver_pass	0	on
mailserver_port	3	on
mailserver_url	16	on
medium_large_size_h	1	on
medium_large_size_w	3	on
medium_size_h	3	on
medium_size_w	3	on
moderation_keys	0	off
moderation_notify	1	on
new_admin_email	26	auto
onesignal_plugin_migrated	1	auto
page_comments	1	on
page_for_posts	1	on
page_on_front	2	on
permalink_structure	12	on
ping_sites	0	on
posts_per_page	2	on
posts_per_rss	2	on
pt_client_activated	1	auto
pt_client_activated_at	19	auto
pt_client_activation_token	0	auto
pt_client_expires_at	24	auto
pt_client_last_check	10	auto
pt_client_license_key	0	auto
pt_client_license_uuid	25	auto
pt_client_service_type	13	auto
pt_client_services	247	auto
rank_math_connect_data	148	auto
rank_math_content_ai_viewed	1	off
rank_math_db_version	1	auto
rank_math_indexnow_log	20679	off
rank_math_install_date	10	auto
rank_math_known_post_types	531	auto
rank_math_link_genius_audit_crawler_state	170	off
rank_math_modules	344	auto
rank_math_notifications	6	auto
rank_math_pro_version	7	auto
rank_math_regenerate_state	170	off
rank_math_registration_skip	1	auto
rank_math_review_notice_added	1	off
rank_math_review_notice_date	10	off
rank_math_review_notice_delayed	1	off
rank_math_review_posts_converted	1	auto
rank_math_sitemap_cache_files	268	auto
rank_math_version	9	off
rank-math-options-general	2402	auto
rank-math-options-instant-indexing	129	auto
rank-math-options-sitemap	971	auto
rank-math-options-titles	10501	auto
recently_activated	6	off
recently_activated_snippets	347	auto
recently_edited	0	off
recovery_keys	6	off
recovery_mode_email_last_sent	10	auto
require_name_email	1	on
rewrite_rules	38408	on
rss_use_excerpt	1	on
schema-ActionScheduler_LoggerSchema	14	auto
schema-ActionScheduler_StoreSchema	14	auto
show_avatars	1	on
show_comments_cookies_opt_in	1	on
show_on_front	4	on
sidebars_widgets	198	auto
site_icon	1	on
siteurl	33	on
start_of_week	1	on
sticky_posts	6	on
stylesheet	16	on
tag_base	0	on
template	16	on
theme_mods_hello-elementor	295	off
theme_mods_twentytwentyfive	366	on
theme_switched	0	auto
thread_comments	1	on
thread_comments_depth	1	on
thumbnail_crop	1	on
thumbnail_size_h	3	on
thumbnail_size_w	3	on
time_format	4	on
timezone_string	0	on
tutor_batch_processor_quiz_attempt_migrator	183	auto
tutor_first_activation_time	10	auto
tutor_license_info	437	auto
tutor_option	1616	auto
tutor_pro_version	6	auto
tutor_version	6	auto
tutor_wizard	6	auto
um_activity_license_key_edd_answer	92	auto
um_bbpress_license_key_edd_answer	92	auto
um_cache_userdata_1	13679	off
um_cache_userdata_10	2913	off
um_cache_userdata_11	2942	off
um_cache_userdata_12	2881	off
um_cache_userdata_13	2892	off
um_cache_userdata_14	2866	off
um_cache_userdata_15	2911	off
um_cache_userdata_16	2903	off
um_cache_userdata_17	2890	off
um_cache_userdata_18	2877	off
um_cache_userdata_19	2895	off
um_cache_userdata_2	4243	off
um_cache_userdata_20	2893	off
um_cache_userdata_21	2908	off
um_cache_userdata_22	2906	off
um_cache_userdata_23	2885	off
um_cache_userdata_24	2870	off
um_cache_userdata_25	2890	off
um_cache_userdata_26	2928	off
um_cache_userdata_27	2886	off
um_cache_userdata_28	2913	off
um_cache_userdata_29	2894	off
um_cache_userdata_3	2915	off
um_cache_userdata_30	2912	off
um_cache_userdata_31	2889	off
um_cache_userdata_32	2921	off
um_cache_userdata_33	3723	off
um_cache_userdata_34	4281	off
um_cache_userdata_35	4194	off
um_cache_userdata_4	2887	off
um_cache_userdata_5	2940	off
um_cache_userdata_6	2906	off
um_cache_userdata_7	2905	off
um_cache_userdata_8	2889	off
um_cache_userdata_9	2905	off
um_core_directories	25	auto
um_core_forms	62	auto
um_existing_rows_20	26	auto
um_existing_rows_21	26	auto
um_existing_rows_22	26	auto
um_fa_version	5	off
um_fields	2626	auto
um_first_activation_date	10	auto
um_followers_license_key_edd_answer	92	auto
um_form_rowdata_20	143	auto
um_form_rowdata_21	137	auto
um_form_rowdata_22	137	auto
um_friends_license_key_edd_answer	92	auto
um_groups_license_key_edd_answer	92	auto
um_hidden_admin_notices	58	auto
um_icons_list	438884	off
um_instagram_license_key_edd_answer	92	auto
um_is_installed	1	auto
um_last_version_upgrade	6	auto
um_mailchimp_license_key_edd_answer	92	auto
um_messaging_license_key_edd_answer	92	auto
um_mycred_license_key_edd_answer	92	auto
um_notices_license_key_edd_answer	92	auto
um_notifications_license_key_edd_answer	92	auto
um_options	12252	auto
um_private_content_license_key_edd_answer	92	auto
um_profile_completeness_license_key_edd_answer	92	auto
um_profile_tabs_license_key_edd_answer	92	auto
um_reviews_license_key_edd_answer	92	auto
um_role_administrator_meta	528	auto
um_role_author_meta	530	auto
um_role_contributor_meta	530	auto
um_role_editor_meta	530	auto
um_role_n1-semence-royale_meta	1705	auto
um_role_n2-sceau-royal_meta	1702	auto
um_role_n3-kephale_meta	1755	auto
um_role_n4-conseil-royal_meta	1786	auto
um_role_subscriber_meta	530	auto
um_roles	111	auto
um_social_login_license_key_edd_answer	92	auto
um_unsplash_license_key_edd_answer	92	auto
um_user_bookmarks_license_key_edd_answer	92	auto
um_user_locations_license_key_edd_answer	92	auto
um_user_notes_license_key_edd_answer	92	auto
um_user_photos_license_key_edd_answer	92	auto
um_user_tags_license_key_edd_answer	92	auto
um_verified_license_key_edd_answer	92	auto
um_version	6	auto
um_woocommerce_license_key_edd_answer	92	auto
uninstall_plugins	273	off
upload_path	0	on
upload_url_path	0	on
uploads_use_yearmonth_folders	1	on
use_balanceTags	1	on
use_smilies	1	on
use_trackback	1	on
user_count	2	off
users_can_register	1	on
wf_plugin_act_error	0	auto
wfls_last_role_change	10	off
widget_archives	30	auto
widget_block	890	auto
widget_calendar	30	auto
widget_categories	40	auto
widget_custom_html	30	auto
widget_elementor-library	30	auto
widget_fluentform_widget	30	auto
widget_media_audio	30	auto
widget_media_gallery	30	auto
widget_media_image	30	auto
widget_media_video	30	auto
widget_meta	30	auto
widget_nav_menu	30	auto
widget_pages	30	auto
widget_recent-comments	30	auto
widget_recent-posts	30	auto
widget_rss	40	auto
widget_search	30	auto
widget_tag_cloud	30	auto
widget_text	40	auto
widget_tutor_course_widget	30	auto
widget_um_search_widget	30	auto
wordfence_case	1	auto
wordfence_installed	1	auto
wordfence_lastSyncAttackData	10	off
wordfence_ls_version	6	auto
wordfence_syncAttackDataAttempts	1	off
wordfence_syncingAttackData	1	off
wordfence_version	5	auto
wordfenceActivated	1	auto
wordpress_mcp_settings	191	auto
wp_abj404_view_done_built_at	10	off
wp_abj404_view_done_data_built_at	10	off
wp_attachment_pages_enabled	1	on
wp_calendar_block_has_published_posts	0	auto
wp_force_deactivated_plugins	6	on
wp_notes_notify	1	on
wp_page_for_privacy_policy	1	on
wp_user_roles	17567	on
WPLANG	5	auto
wpmcp_jwt_secret_key	64	auto
