34	2026/05/LOGO-OR-CHAPELLE.png
35	2026/05/Logo-facion-chapelle.png
1091	2026/05/maskable_icon_x384.png
1092	2026/05/maskable_icon_x512.png
86	2026/05/PORTAIT-DOXA.png
964	2026/05/ouragan.png
1191	2026/05/RECEVOIR-LE-BAPTEME-DU-SAINT-ESPRIT.pdf
1479	2026/06/SOIREE-INTERCESSION.png
624	2026/05/cropped-Logo-facion-chapelle-1.png
960	2026/05/formation-1.png
901	2026/05/Parcours-dintegration.png
1132	2026/05/f09f9191-le-retour-des-herit-1.jpg
886	2026/05/formation-cours.png
1256	2026/05/f09f8caaefb88f-le-souffle.jpg
937	2026/05/chapelle-familliale.png
938	2026/05/CFIC.png
939	2026/05/Femme-exeption.png
940	2026/05/Les-familles-de-la-chapelle.png
941	2026/05/mahanaim.png
942	2026/05/refuge.png
943	2026/05/elites.png
944	2026/05/jeunesse.png
1090	2026/05/maskable_icon-1.png
1136	2026/05/temoignage.png
572	2026/05/INSCRIPTIONa.png
1279	2026/05/Heros-Chapelle.png
574	2026/05/SE-CONNECTER.png
606	2026/05/cropped-Logo-facion-chapelle.png
953	2026/05/f09f9191-le-temps-de-la-recu.jpg
900	2026/05/mon-profil.png
663	2026/05/event.png
954	2026/05/f09f94a5-pourquoi-vis-tu-com.jpg
955	2026/05/e29aa1-vendredi-de-puissance-.jpg
956	2026/05/f09f9191-le-retour-des-fils-.jpg
671	2026/05/contact.png
987	2026/05/A-propos.png
965	2026/05/ouragan-1.png
675	2026/05/donner.png
905	2026/05/communaute-1.png
891	2026/05/Ta-place.png
690	2026/05/form.png
913	2026/05/Vision-2.png
914	2026/05/vision.png
1152	2026/05/LE-SAINT-ESPRIT-ET-LE-CROYANT.pdf
698	2026/05/semence.png
699	2026/05/sceau.png
700	2026/05/conseil.png
701	2026/05/kephale.png
919	2026/05/Parcours-dintegration-1.png
733	2026/05/PARCOURS-1.png
735	2026/05/PARCOURS-2.png
737	2026/05/PARCOURS-3.png
739	2026/05/Ecole-des-Appel.png
1140	2026/05/Ouragan-1-1.png
930	2026/05/plateforme.png
750	2026/05/f09f9191-le-retour-des-herit.jpg
958	2026/05/chapelle-image.png
949	2026/05/live.png
1074	2026/05/DEMANDE-PRIERE.png
1434	2026/05/Apprendre-a-ecouter-Dieu-dans-le-silence.png
1435	2026/05/Batir-une-famille-selon-le-modele-divin.png
1436	2026/05/LES-CLES-DE-LA-COMMUNICATION-DANS-LE-COUPLE.png
1437	2026/05/Deviens-la-Femme-que-Dieu-avait-imaginee.png
1439	2026/05/Le-Pouvoir-Spirituel-dune-Femme-qui-Prie.png
1440	2026/05/Les-Mains-qui-Batissent.png
1441	2026/05/La-Compassion-en-Action.png
1442	2026/05/Batir-une-Cite-de-Lumiere-dans-un-monde-de-tenebres.png
1443	2026/05/Grandir-dans-la-Parole-La-Formation-qui-Transforme.png
1444	2026/05/Apprendre-a-marcher-avec-Dieu.png
1445	2026/05/FORMER-POUR-TRANSFORMER.png
1446	2026/05/devenir-un-agent-de-transformation-dans-sa-communaute.png
1438	2026/05/Porteuse-de-Grace-et-dInfluence.png
1478	2026/06/CULTE-DIMANCHE-2026-JUIN.png
