ID	post_parent	menu_order	post_status	post_name	post_title
3	0	0	publish	politique-de-confidentialite	Politique de Confidentialité
15	0	0	publish	tableau-de-bord	Tableau de bord
24	0	0	publish	user	Mon Profil
27	0	0	publish	membres	Membres
28	0	0	publish	logout	Déconnexion
29	0	0	publish	mon-compte	Mon Compte
30	0	0	publish	mot-de-passe-oublie	Mot de passe oublié
31	0	0	publish	accueil	Accueil
169	0	0	publish	page404-2	Page404
181	0	0	publish	merci-pour-votre-don	Merci pour votre don
187	0	0	publish	rejoindre	Rejoindre
209	0	0	publish	live	Live
216	0	0	publish	integration	Intégration
231	0	0	publish	ressources	Ressources
243	0	0	publish	donner	Donner
249	0	0	publish	contact	Contact
261	0	0	publish	a-propos	À propos
273	0	0	publish	evenements	Événements
295	0	0	publish	plateformes	Plateformes
301	0	0	publish	priere	Prière
313	0	0	publish	boutique	Boutique
324	0	0	publish	mentions-legales	Mentions Légales
626	0	0	publish	sinscrire	S'inscrire
633	0	0	publish	se-connecter	se connecter
812	0	0	publish	vision	Notre Vision
814	0	0	publish	temoignages	Témoignages
822	0	0	publish	meditation-rallume-ta-flamme-spirituelle	Rallume ta flamme spirituelle
842	0	0	publish	les-cles-de-la-communication-dans-le-couple	Les clés de la communication dans le couple
843	0	0	publish	deviens-la-femme-que-dieu-avait-imaginee	Deviens la Femme que Dieu avait imaginée
844	0	0	publish	femme-dexception-porteuse-de-grace-et-dinfluence	Femme d'Exception : Porteuse de Grâce et d'Influence
845	0	0	publish	le-pouvoir-spirituel-dune-femme-qui-prie	Le Pouvoir Spirituel d'une Femme qui Prie
846	0	0	publish	les-mains-qui-batissent-servir-est-un-acte-de-royaute	Les mains qui Bâtissent : Servir est un Acte de Royauté
847	0	0	publish	la-compassion-en-action-la-foi-qui-se-traduit-en-oeuvres	La Compassion en Action : la foi qui se traduit en œuvres
852	0	0	publish	grandir-dans-la-parole-la-formation-qui-transforme	Grandir dans la Parole : la formation qui transforme
853	0	0	publish	la-cle-de-la-louange-qui-fait-descendre-la-gloire	? La clé de la louange qui fait descendre la gloire
855	0	0	publish	former-pour-transformer-le-modele-de-jesus	Former pour transformer : Le modèle de Jésus
856	0	0	publish	servir-lhumanite-quand-la-foi-prend-la-forme-dune-main-tendue	Servir l'humanité : quand la foi prend la forme d'une main tendue
857	0	0	publish	foi-impact-devenir-un-agent-de-transformation-dans-sa-communaute	Foi &amp; Impact : devenir un agent de transformation dans sa communauté
972	0	0	publish	test	test
1029	0	0	publish	restriction	Restriction
1183	0	0	publish	mahanaim	Mahanaïm
1196	0	0	publish	forum	Forum communautaire
1225	0	0	publish	mes-badges	Mes badges
1462	0	0	publish	apprendre-a-ecouter-dieu-dans-le-silence	Apprendre à écouter Dieu dans le silence
1463	0	0	publish	batir-une-famille-selon-le-modele-divin-3	Bâtir une famille selon le modèle divin
1465	0	0	publish	les-cles-de-la-communication-dans-le-couple-3	Les clés de la communication dans le couple
1466	0	0	publish	deviens-la-femme-que-dieu-avait-imaginee-3	Deviens la Femme que Dieu avait imaginée
1467	0	0	publish	femme-dexception-porteuse-de-grace-et-dinfluence-2	Femme d'Exception : Porteuse de Grâce et d'Influence
1468	0	0	publish	le-pouvoir-spirituel-dune-femme-qui-prie-3	Le Pouvoir Spirituel d'une Femme qui Prie
1469	0	0	publish	les-mains-qui-batissent-servir-est-un-acte-de-royaute-2	Les Mains qui Bâtissent : Servir est un Acte de Royauté
1470	0	0	publish	la-compassion-en-action-la-foi-qui-se-traduit-en-oeuvres-2	La Compassion en Action : la Foi qui se Traduit en Œuvres
1471	0	0	publish	batir-une-cite-de-lumiere-dans-un-monde-de-tenebres-3	Bâtir une Cité de Lumière dans un Monde de Ténèbres
1472	0	0	publish	grandir-dans-la-parole-la-formation-qui-transforme-3	Grandir dans la Parole : La Formation qui Transforme
1473	0	0	publish	apprendre-a-marcher-avec-dieu-le-coeur-du-disciple	Apprendre à marcher avec Dieu : le Cœur du Disciple
1474	0	0	publish	former-pour-transformer-le-modele-de-jesus-2	Former pour Transformer : Le Modèle de Jésus
1475	0	0	publish	foi-impact-devenir-un-agent-de-transformation-dans-sa-communaute-2	Foi & Impact : Devenir un Agent de Transformation dans sa Communauté
