lesson_id,post_status,slug,course_id,course_slug,topic_id,topic_slug,menu_order,content_html_len,content_text_len,word_count,headings,list_items,excerpt_len,video_meta_present,video_meta_source,attachments_n,attachments_ok,attachments_broken,attachment_mimes,video_reference_elsewhere,author_placeholder_found,author_placeholder_count,placeholder_requests_video,pedagogical_completeness,classification,migration_decision,human_review_required,content_sha256_16
1095,publish,1-1-quest-ce-que-naitre-de-nouveau,736,parcours-3-je-deviens-un-disciple-actif,1094,%f0%9f%8c%85-module-1-la-nouvelle-naissance,1,570,459,79,4,2,73,no,,0,0,0,,none,yes,1,yes,incomplete_placeholder,INCOMPLETE,MIGRABLE_AVEC_RESERVE,yes,8aa2a79f084bbae4
1096,publish,1-2-le-coeur-de-lhomme-et-le-besoin-de-redemption,736,parcours-3-je-deviens-un-disciple-actif,1094,%f0%9f%8c%85-module-1-la-nouvelle-naissance,2,359,281,51,3,0,66,no,,0,0,0,,none,yes,1,yes,incomplete_placeholder,INCOMPLETE,MIGRABLE_AVEC_RESERVE,yes,e16d3a8fedb2d48e
1097,publish,1-3-loeuvre-du-salut-par-la-croix-et-la-resurrection,736,parcours-3-je-deviens-un-disciple-actif,1094,%f0%9f%8c%85-module-1-la-nouvelle-naissance,3,375,311,61,2,0,59,no,,0,0,0,,none,yes,1,yes,incomplete_placeholder,INCOMPLETE,MIGRABLE_AVEC_RESERVE,yes,25a500e9ab3f33d8
1098,publish,1-4-les-fruits-de-la-conversion-veritable,736,parcours-3-je-deviens-un-disciple-actif,1094,%f0%9f%8c%85-module-1-la-nouvelle-naissance,4,380,316,53,2,0,73,no,,0,0,0,,none,yes,1,yes,incomplete_placeholder,INCOMPLETE,MIGRABLE_AVEC_RESERVE,yes,2f91ebd2c98509d4
1099,publish,1-5-activites-pratiques-activation,736,parcours-3-je-deviens-un-disciple-actif,1094,%f0%9f%8c%85-module-1-la-nouvelle-naissance,5,481,359,53,4,0,62,no,,0,0,0,,none,no,0,no,complete,TEXT_VALID,MIGRABLE,no,b5af1de353ce0084
1101,publish,2-1-le-symbole-et-la-puissance-du-bapteme,736,parcours-3-je-deviens-un-disciple-actif,1100,%f0%9f%95%8a%ef%b8%8f-module-2-laffirmation-de-la-foi,1,341,263,44,3,0,45,no,,0,0,0,,none,yes,1,yes,incomplete_placeholder,INCOMPLETE,MIGRABLE_AVEC_RESERVE,yes,d22409b1abb0a8e4
1102,publish,2-2-renoncer-a-lancienne-vie-pour-revetir-christ,736,parcours-3-je-deviens-un-disciple-actif,1100,%f0%9f%95%8a%ef%b8%8f-module-2-laffirmation-de-la-foi,2,382,318,58,2,0,71,no,,0,0,0,,none,yes,1,yes,incomplete_placeholder,INCOMPLETE,MIGRABLE_AVEC_RESERVE,yes,9aaa10a631731257
1103,publish,2-3-la-declaration-de-foi-comme-acte-prophetique,736,parcours-3-je-deviens-un-disciple-actif,1100,%f0%9f%95%8a%ef%b8%8f-module-2-laffirmation-de-la-foi,3,250,212,32,2,0,67,no,,0,0,0,,none,yes,1,yes,incomplete_placeholder,INCOMPLETE,MIGRABLE_AVEC_RESERVE,yes,c4871f80f97f076a
1104,publish,2-4-activites-cours-bapteme-confession-integration-cellule,736,parcours-3-je-deviens-un-disciple-actif,1100,%f0%9f%95%8a%ef%b8%8f-module-2-laffirmation-de-la-foi,4,350,299,44,4,0,29,no,,0,0,0,,none,no,0,no,complete,TEXT_VALID,MIGRABLE,no,23c352e4d057b67a
1106,publish,3-1-pourquoi-lire-la-bible,736,parcours-3-je-deviens-un-disciple-actif,1105,%f0%9f%93%96-module-3-la-croissance-par-la-parole,1,324,246,43,3,0,53,no,,0,0,0,,none,yes,1,yes,incomplete_placeholder,INCOMPLETE,MIGRABLE_AVEC_RESERVE,yes,210caabc418cb37b
1107,publish,3-2-comment-mediter-efficacement,736,parcours-3-je-deviens-un-disciple-actif,1105,%f0%9f%93%96-module-3-la-croissance-par-la-parole,2,250,212,35,2,0,40,no,,0,0,0,,none,yes,1,yes,incomplete_placeholder,INCOMPLETE,MIGRABLE_AVEC_RESERVE,yes,3d53c8bf80a820dc
1108,publish,3-3-lesprit-saint-et-leclairage-des-ecritures,736,parcours-3-je-deviens-un-disciple-actif,1105,%f0%9f%93%96-module-3-la-croissance-par-la-parole,3,287,223,37,2,0,59,no,,0,0,0,,none,yes,1,yes,incomplete_placeholder,INCOMPLETE,MIGRABLE_AVEC_RESERVE,yes,ded0f0e2216b577f
1109,publish,3-4-activites-journal-etude-en-groupe-suivi,736,parcours-3-je-deviens-un-disciple-actif,1105,%f0%9f%93%96-module-3-la-croissance-par-la-parole,4,348,297,48,4,0,47,no,,0,0,0,,none,no,0,no,complete,TEXT_VALID,MIGRABLE,no,e34f8804ad44ff27
1111,publish,4-1-les-differents-types-de-priere,736,parcours-3-je-deviens-un-disciple-actif,1110,%f0%9f%99%8f-module-4-la-vie-de-priere-et-de-jeune,1,558,386,63,2,5,56,no,,0,0,0,,none,yes,1,yes,incomplete_placeholder,INCOMPLETE,MIGRABLE_AVEC_RESERVE,yes,be7b359a71c15716
1112,publish,4-2-le-jeune-qui-libere-la-puissance-spirituelle,736,parcours-3-je-deviens-un-disciple-actif,1110,%f0%9f%99%8f-module-4-la-vie-de-priere-et-de-jeune,2,292,228,42,2,0,68,no,,0,0,0,,none,yes,1,yes,incomplete_placeholder,INCOMPLETE,MIGRABLE_AVEC_RESERVE,yes,c09091aa88e17660
1113,publish,4-3-limportance-de-la-constance,736,parcours-3-je-deviens-un-disciple-actif,1110,%f0%9f%99%8f-module-4-la-vie-de-priere-et-de-jeune,3,331,261,44,2,0,42,no,,0,0,0,,none,yes,1,yes,incomplete_placeholder,INCOMPLETE,MIGRABLE_AVEC_RESERVE,yes,cc952841d1515313
1114,publish,4-4-activites-plan-de-priere-veille-jeune,736,parcours-3-je-deviens-un-disciple-actif,1110,%f0%9f%99%8f-module-4-la-vie-de-priere-et-de-jeune,4,438,387,60,4,0,29,no,,0,0,0,,none,no,0,no,complete,TEXT_VALID,MIGRABLE,no,10ce14a1daccdd36
1116,publish,5-1-la-diversite-des-ministeres,736,parcours-3-je-deviens-un-disciple-actif,1115,%f0%9f%9b%90-module-5-le-service-dans-le-royaume,1,516,446,75,2,0,73,no,,0,0,0,,none,yes,1,yes,incomplete_placeholder,INCOMPLETE,MIGRABLE_AVEC_RESERVE,yes,66dd40b3343424b9
1117,publish,5-2-servir-avec-le-coeur-du-royaume,736,parcours-3-je-deviens-un-disciple-actif,1115,%f0%9f%9b%90-module-5-le-service-dans-le-royaume,2,247,209,38,2,0,31,no,,0,0,0,,none,yes,1,yes,incomplete_placeholder,INCOMPLETE,MIGRABLE_AVEC_RESERVE,yes,29e10dd61305b36b
1118,publish,5-3-le-service-chemin-de-croissance-et-de-gloire,736,parcours-3-je-deviens-un-disciple-actif,1115,%f0%9f%9b%90-module-5-le-service-dans-le-royaume,3,264,226,38,2,0,22,no,,0,0,0,,none,yes,1,yes,incomplete_placeholder,INCOMPLETE,MIGRABLE_AVEC_RESERVE,yes,a8092663d3038919
1119,publish,5-4-activites-test-de-dons-ministere-coaching,736,parcours-3-je-deviens-un-disciple-actif,1115,%f0%9f%9b%90-module-5-le-service-dans-le-royaume,4,388,337,51,4,0,30,no,,0,0,0,,none,no,0,no,complete,TEXT_VALID,MIGRABLE,no,3c043d9b058db079
1121,publish,6-1-la-mission-selon-le-coeur-de-dieu,736,parcours-3-je-deviens-un-disciple-actif,1120,%f0%9f%8c%8d-module-6-la-maturite-et-la-mission,1,241,203,32,2,0,32,no,,0,0,0,,none,yes,1,yes,incomplete_placeholder,INCOMPLETE,MIGRABLE_AVEC_RESERVE,yes,579db08ea64188af
1122,publish,6-2-la-maturite-spirituelle-fruits-sagesse-stabilite,736,parcours-3-je-deviens-un-disciple-actif,1120,%f0%9f%8c%8d-module-6-la-maturite-et-la-mission,2,424,354,58,2,0,54,no,,0,0,0,,none,yes,1,yes,incomplete_placeholder,INCOMPLETE,MIGRABLE_AVEC_RESERVE,yes,395dab68108cef73
1123,publish,6-3-vivre-lonction-et-la-consecration,736,parcours-3-je-deviens-un-disciple-actif,1120,%f0%9f%8c%8d-module-6-la-maturite-et-la-mission,3,244,206,31,2,0,49,no,,0,0,0,,none,yes,1,yes,incomplete_placeholder,INCOMPLETE,MIGRABLE_AVEC_RESERVE,yes,4a28299db9626476
1124,publish,6-4-activites-mentorat-mission-enseignement,736,parcours-3-je-deviens-un-disciple-actif,1120,%f0%9f%8c%8d-module-6-la-maturite-et-la-mission,4,409,358,54,4,0,30,no,,0,0,0,,none,no,0,no,complete,TEXT_VALID,MIGRABLE,no,a8d86c49c9d1965f
1125,publish,6-5-%f0%9f%8e%93-validation-finale-engagement-de-disciple-actif,736,parcours-3-je-deviens-un-disciple-actif,1120,%f0%9f%8c%8d-module-6-la-maturite-et-la-mission,5,711,582,103,3,2,50,no,,0,0,0,,none,no,0,no,complete,TEXT_VALID,MIGRABLE,no,893e61bc08194912
874,publish,le-saint-esprit-la-puissance-pour-marcher-droit,867,le-chemin-des-elus-7-etapes-pour-entrer-senraciner-et-regner,868,topic-1-foundations-of-sewing-and-tools-5,4,3122,1253,218,4,9,0,no,,0,0,0,,none,no,0,no,complete,TEXT_VALID,MIGRABLE,no,427ff719951c0768
